"","Model","med"
"1","gamma",0.0639875288651033
"2","hill",0.0643526096926602
"3","log-logistic",0.181179122880277
"4","log-probit",0.17088824552362
"5","logistic",0.130987944862773
"6","multistage",0.00421748908399511
"7","probit",0.180440929256996
"8","qlinear",0.0327607681204174
"9","weibull",0.0868123992200902
