"","Model","med"
"1","gamma",0.0649013747845574
"2","hill",0.0652673113250013
"3","log-logistic",0.12401089566235
"4","log-probit",0.152220639408546
"5","logistic",0.0865501966503101
"6","multistage",0.0122243977613595
"7","probit",0.208571067744322
"8","qlinear",0.082352377294922
"9","weibull",0.081312583173159
