"","Model","med"
"1","gamma",0.444327376889237
"2","hill",0.0336695462769879
"3","log-logistic",1.18226627336726e-20
"4","log-probit",0.225384487711305
"5","logistic",0.0409763241911969
"6","multistage",0.000156083612514181
"7","probit",9.17855637752573e-20
"8","qlinear",0.0132468765327798
"9","weibull",0.221079937467493
